Wash 1,3153
Wash 2,103153
Alaska,3102
Alberta,3026
APRS 31099 PC,31099
Arizona,3104
Audio Test,9999
BayNet,31075
BC 1,3027
BC 2,103027
BC Local Net 1,3183
Bridge,3100
Bridge 2 103100,103100
California 1,3106
Canada,302
Cascades East,3191
Colorado HD,31088
Comm 1,3777215
Comm 2,3777216
DCI 1,3160
DCI 2,3162
Em Comm 1,8957
EmComm 2,8959
English PTT 113,113
English PTT 123,123
Fusion,3182
Hawaii,3115
Hawaii 31150,31150
I5,3168
Idaho 1,3116
Idaho ARES,31160
Local 1,3181
Local 2,3166
Manitoba,3024
Michigan 1,3126
Michigan 2,103126
Minnesota,3127
Montana 2,3130
MPRG,31301
MTN 2,3177
Net 1,31001
Net 2,31002
New Brunswick,3029
NoCO,31083
NorCal,31068
North America,3163
NXDN Alabama,31010
NXDN Florida,1200
NXDN N America,10200
NXDN Ragchew,28299
NXDN Worldwide,65000
Ontario,3023
Oregon 1,3141
Parrot,9998
PNW 1,3187
PNW 2,103187
PNW Regional,31771
Public Service 1,3190
Public Service 2,103190
Seattle 1,310477
Seattle 2,310534
Simplex 99,99
SNARS 1,31328
SoCal,31066
TAC 1,8951
TAC 2,8952
TAC 3,8953
TAC 310,310
TAC 311,311
TAC 312,312
TAC 313,313
TAC 314,314
TAC 315,315
TAC 316,316
TAC 317,317
TAC 318,318
TAC 319,319
TAC 8,8958
Texas,3148
TG 9,9
USA,1776
Utah,3149
Worldwide,3161
Worldwide Englsh,13
